Model,Accuracy,Precision,Recall,F1,ROC-AUC
Logistic Regression,0.6104294478527608,0.4349680170575693,0.6375,0.5171102661596958,0.6561217705167174
Random Forest,0.6574642126789366,0.45714285714285713,0.25,0.32323232323232326,0.6178310220364741
XGBoost,0.6196319018404908,0.42073170731707316,0.43125,0.42592592592592593,0.606691679331307
