Model,Accuracy,Precision,Recall,F1,ROC-AUC
Logistic Regression,0.6016427104722792,0.423841059602649,0.6018808777429467,0.49740932642487046,0.6441790901911987
Random Forest,0.6509240246406571,0.43312101910828027,0.21316614420062696,0.2857142857142857,0.5840484337983681
XGBoost,0.5954825462012321,0.38461538461538464,0.39184952978056425,0.38819875776397517,0.5837995644786906
