Threshold,Precision,Recall,F1-Score
0.3,0.34723788049605414,0.9625,0.5103562551781275
0.35,0.3650990099009901,0.921875,0.5230496453900709
0.4,0.38373751783166904,0.840625,0.5269343780607247
0.45,0.41256366723259763,0.759375,0.5346534653465347
0.5,0.4349680170575693,0.6375,0.5171102661596958
