Threshold,Precision,Recall,F1-Score
0.3,0.340522133938706,0.9404388714733543,0.5
0.35,0.3629441624365482,0.896551724137931,0.5167118337850045
0.4,0.38269794721407624,0.8181818181818182,0.5214785214785215
0.45,0.4109347442680776,0.7304075235109718,0.5259593679458239
0.5,0.423841059602649,0.6018808777429467,0.49740932642487046
