Model,Train Accuracy,Test Accuracy,Train Precision,Test Precision,Train Recall,Test Recall,Train F1,Test F1,Train ROC-AUC,Test ROC-AUC,Gap Accuracy,Gap Precision,Gap Recall,Gap F1,Gap ROC-AUC
Logistic Regression,0.6264441591784339,0.6016427104722792,0.44918585064570465,0.423841059602649,0.6279434850863422,0.6018808777429467,0.5237315875613748,0.49740932642487046,0.669399494602525,0.6441790901911987,0.02480144870615464,0.025344791043055648,0.026062607343395494,0.026322261136504377,0.025220404411326336
Random Forest,0.9989730423620026,0.6509240246406571,0.9968701095461658,0.43312101910828027,1.0,0.21316614420062696,0.9984326018808778,0.2857142857142857,0.9999976041835746,0.5840484337983681,0.34804901772134544,0.5637490904378856,0.786833855799373,0.7127183161665921,0.4159491703852065
XGBoost,0.9802310654685494,0.5954825462012321,0.9489872468117029,0.38461538461538464,0.9929356357927787,0.39184952978056425,0.9704641350210971,0.38819875776397517,0.9986508558754702,0.5837995644786906,0.38474851926731735,0.5643718621963183,0.6010861060122143,0.5822653772571219,0.41485129139677956
